,dataset_code,frequency,date,value,z_score
253119,CY3X,monthly,2022-11-01,117.2,2.8510618621345034
253120,CY3X,monthly,2022-12-01,122.4,3.1977701957308358
230584,CY3X,annual,2023-01-01,123.6,3.277779811176142
253122,CY3X,monthly,2023-02-01,112.0,2.5043535285381715
253123,CY3X,monthly,2023-03-01,112.7,2.551025804214601
253124,CY3X,monthly,2023-04-01,120.1,3.0444184327939956
253125,CY3X,monthly,2023-05-01,124.5,3.337787022760123
253126,CY3X,monthly,2023-06-01,120.7,3.08442324051665
253127,CY3X,monthly,2023-07-01,126.5,3.4711363818356356
253128,CY3X,monthly,2023-08-01,129.8,3.6911628243102315
253129,CY3X,monthly,2023-09-01,119.4,2.997746157117567
253130,CY3X,monthly,2023-10-01,130.2,3.7178326961253325
253131,CY3X,monthly,2023-11-01,148.1,4.911309459851168
253132,CY3X,monthly,2023-12-01,140.6,4.411249363317997
230585,CY3X,annual,2024-01-01,120.8,3.0910907084704253
253133,CY3X,monthly,2024-01-01,112.2,2.517688464445723
253134,CY3X,monthly,2024-02-01,119.1,2.9777437532562394
253135,CY3X,monthly,2024-03-01,117.0,2.837726926226952
253136,CY3X,monthly,2024-04-01,120.0,3.0377509648402206
253137,CY3X,monthly,2024-05-01,127.6,3.544478529327167
253138,CY3X,monthly,2024-06-01,115.5,2.737714906920318
253139,CY3X,monthly,2024-07-01,127.7,3.551145997280943
253140,CY3X,monthly,2024-08-01,122.0,3.171100323915733
253141,CY3X,monthly,2024-09-01,112.7,2.551025804214601
253142,CY3X,monthly,2024-10-01,118.4,2.931071477579811
253143,CY3X,monthly,2024-11-01,121.6,3.14443045210063
253144,CY3X,monthly,2024-12-01,135.8,4.091210901536768
192938,CY3Y,monthly,1988-12-01,190.3,3.198378125617757
192950,CY3Y,monthly,1989-12-01,190.2,3.1945127738223853
192962,CY3Y,monthly,1990-12-01,182.6,2.9007460373742004
193383,CY46,monthly,1988-12-01,526.2,2.804588640837451
193395,CY46,monthly,1989-12-01,539.3,2.92269001117792
193407,CY46,monthly,1990-12-01,521.4,2.7613148562852174
266446,CY4B,monthly,2020-12-01,124.2,2.7871621684423022
266457,CY4B,monthly,2021-11-01,118.3,2.5491373340714323
266458,CY4B,monthly,2021-12-01,124.7,2.807333764575427
266470,CY4B,monthly,2022-12-01,120.9,2.65402963396368
266482,CY4B,monthly,2023-12-01,117.3,2.508794141805183
266493,CY4B,monthly,2024-11-01,121.4,2.6742012300968048
266494,CY4B,monthly,2024-12-01,138.7,3.372138456302914
206660,CY4C,monthly,2019-12-01,123.8,2.532070372991899
206672,CY4C,monthly,2020-12-01,136.2,3.0636287004231253
206683,CY4C,monthly,2021-11-01,124.4,2.557790937222443
206684,CY4C,monthly,2021-12-01,130.5,2.8192833402329653
206720,CY4C,monthly,2024-12-01,130.3,2.8107098188227844
253950,EAFT,monthly,2017-12-01,125.4,2.643368679332768
253962,EAFT,monthly,2018-12-01,127.2,2.727777463513449
253974,EAFT,monthly,2019-12-01,128.2,2.774671232502716
253998,EAFT,monthly,2021-12-01,123.9,2.573028025848867
254010,EAFT,monthly,2022-12-01,132.6,2.9810038160554924
254021,EAFT,monthly,2023-11-01,123.1,2.5355130106574526
254022,EAFT,monthly,2023-12-01,130.6,2.887216278076958
254034,EAFT,monthly,2024-12-01,140.4,3.3467752141717786
256584,EAFU,monthly,2014-12-01,130.5,2.5867812447789014
256620,EAFU,monthly,2017-12-01,132.6,2.6733365075337385
256632,EAFU,monthly,2018-12-01,136.2,2.821716957970602
256644,EAFU,monthly,2019-12-01,133.2,2.6980665826065486
256680,EAFU,monthly,2022-12-01,147.4,3.2833450259964017
256692,EAFU,monthly,2023-12-01,145.9,3.221519838314375
256704,EAFU,monthly,2024-12-01,146.7,3.2544932717447885
263295,EAFW,monthly,2017-12-01,117.6,2.573012880522246
263307,EAFW,monthly,2018-12-01,116.9,2.5392888331026997
263319,EAFW,monthly,2019-12-01,123.2,2.842805259878623
263331,EAFW,monthly,2020-12-01,121.6,2.7657217229196576
263342,EAFW,monthly,2021-11-01,117.4,2.5633774384023758
263343,EAFW,monthly,2021-12-01,127.4,3.045149544395905
263355,EAFW,monthly,2022-12-01,126.5,3.001790054856487
263366,EAFW,monthly,2023-11-01,118.6,2.621190091121599
263367,EAFW,monthly,2023-12-01,126.9,3.0210609390962286
263378,EAFW,monthly,2024-11-01,126.6,3.0066077759164225
263379,EAFW,monthly,2024-12-01,147.4,4.008693756382963
252686,EAGD,monthly,2023-11-01,120.3,2.5187379048911445
252698,EAGD,monthly,2024-11-01,120.8,2.5404853131864273
252699,EAGD,monthly,2024-12-01,126.2,2.7753573227754833
255237,EAGE,monthly,2013-12-01,142.2,2.6987445010025506
255249,EAGE,monthly,2014-12-01,140.7,2.6435660647307624
255261,EAGE,monthly,2015-12-01,146.8,2.867958372236036
255273,EAGE,monthly,2016-12-01,157.2,3.2505288637204344
255285,EAGE,monthly,2017-12-01,162.6,3.4491712342988725
255297,EAGE,monthly,2018-12-01,162.4,3.441814109462635
255309,EAGE,monthly,2019-12-01,158.2,3.2873144879016265
255321,EAGE,monthly,2020-12-01,141.8,2.6840302513300744
255333,EAGE,monthly,2021-12-01,139.6,2.603101878131451
255345,EAGE,monthly,2022-12-01,155.3,3.18063617777617
255357,EAGE,monthly,2023-12-01,152.5,3.0776364300688313
255369,EAGE,monthly,2024-12-01,161.9,3.4234212973720384
255682,EAGF,monthly,2013-12-01,147.6,2.7215916215775446
255694,EAGF,monthly,2014-12-01,145.7,2.656288767903307
255706,EAGF,monthly,2015-12-01,152.8,2.9003152211070367
255718,EAGF,monthly,2016-12-01,165.9,3.350561212229409
255730,EAGF,monthly,2017-12-01,170.0,3.491477896473816
255742,EAGF,monthly,2018-12-01,167.5,3.405553089007714
255754,EAGF,monthly,2019-12-01,163.7,3.274947381659239
255766,EAGF,monthly,2020-12-01,145.3,2.642540798708732
255778,EAGF,monthly,2021-12-01,141.2,2.5016241144643243
255790,EAGF,monthly,2022-12-01,157.4,3.0584168668446634
255802,EAGF,monthly,2023-12-01,156.7,3.0343579207541547
255814,EAGF,monthly,2024-12-01,162.8,3.2440144509714433
256187,EAGG,monthly,2018-12-01,114.7,2.739291437247249
256222,EAGG,monthly,2021-11-01,116.2,2.837275739492383
256223,EAGG,monthly,2021-12-01,124.5,3.379455545248788
256227,EAGG,monthly,2022-04-01,111.4,2.5237259723079557
256234,EAGG,monthly,2022-11-01,118.4,2.980986049451912
256235,EAGG,monthly,2022-12-01,136.4,4.156797676393515
256247,EAGG,monthly,2023-12-01,113.3,2.6478394218184578
256257,EAGG,monthly,2024-10-01,124.7,3.392520118881473
256258,EAGG,monthly,2024-11-01,128.5,3.6407470179024775
256259,EAGG,monthly,2024-12-01,152.9,5.2346250010899835
258364,EAGH,monthly,2014-12-01,133.1,2.597773509814431
258400,EAGH,monthly,2017-12-01,133.7,2.621277991514839
258412,EAGH,monthly,2018-12-01,138.8,2.8210660859683143
258424,EAGH,monthly,2019-12-01,134.0,2.633030232365044
258460,EAGH,monthly,2022-12-01,146.1,3.1070372799899526
258472,EAGH,monthly,2023-12-01,145.3,3.075697971056075
258484,EAGH,monthly,2024-12-01,143.8,3.0169367668050535
258797,EAGI,monthly,2013-12-01,136.3,2.5338000681203496
258809,EAGI,monthly,2014-12-01,139.6,2.6513803015836706
258845,EAGI,monthly,2017-12-01,137.0,2.5587413297640844
258857,EAGI,monthly,2018-12-01,141.1,2.704825862248817
258869,EAGI,monthly,2019-12-01,137.1,2.5623043671417602
258905,EAGI,monthly,2022-12-01,146.8,2.9079189927763722
258917,EAGI,monthly,2023-12-01,147.5,2.9328602544201066
258929,EAGI,monthly,2024-12-01,148.3,2.9613645534415185
259318,EAGJ,monthly,2020-04-01,21.6,-3.168021774086975
259319,EAGJ,monthly,2020-05-01,27.8,-2.8218169810758758
259327,EAGJ,monthly,2021-01-01,25.8,-2.933495946563327
259328,EAGJ,monthly,2021-02-01,28.5,-2.782729343155268
259329,EAGJ,monthly,2021-03-01,29.4,-2.732473808685915
259349,EAGJ,monthly,2022-11-01,130.2,2.89614605188163
259350,EAGJ,monthly,2022-12-01,141.0,3.499212465513868
231102,EAGJ,annual,2023-01-01,132.9,3.0469126552896904
259353,EAGJ,monthly,2023-03-01,124.2,2.561109155419277
259354,EAGJ,monthly,2023-04-01,140.9,3.4936285172394954
259355,EAGJ,monthly,2023-05-01,155.8,4.325636810121008
259356,EAGJ,monthly,2023-06-01,146.3,3.7951617240556144
259357,EAGJ,monthly,2023-07-01,149.6,3.979432017109908
259358,EAGJ,monthly,2023-08-01,132.1,3.0022410690947092
259359,EAGJ,monthly,2023-09-01,125.1,2.6113646898886294
259361,EAGJ,monthly,2023-11-01,131.3,2.9575694828997294
259362,EAGJ,monthly,2023-12-01,130.1,2.890562103607258
251328,EAGL,monthly,2021-12-01,110.1,2.628921516974687
251340,EAGL,monthly,2022-12-01,111.3,2.715739194066135
230436,EAGL,annual,2023-01-01,111.0,2.694034774793273
251344,EAGL,monthly,2023-04-01,110.9,2.686799968368986
251345,EAGL,monthly,2023-05-01,115.7,3.0340706767347765
251346,EAGL,monthly,2023-06-01,109.6,2.5927474848532506
251347,EAGL,monthly,2023-07-01,114.4,2.9400181932190415
251348,EAGL,monthly,2023-08-01,115.1,2.9906618381890517
251350,EAGL,monthly,2023-10-01,117.6,3.1715319987962345
251351,EAGL,monthly,2023-11-01,123.7,3.6128551906777604
251352,EAGL,monthly,2023-12-01,118.5,3.2366452566148207
230437,EAGL,annual,2024-01-01,113.6,2.8821397418247425
251354,EAGL,monthly,2024-02-01,112.5,2.8025568711575826
251356,EAGL,monthly,2024-04-01,110.8,2.6795651619446983
251357,EAGL,monthly,2024-05-01,118.0,3.200471224493384
251359,EAGL,monthly,2024-07-01,118.7,3.2511148694633953
251360,EAGL,monthly,2024-08-01,116.2,3.070244708856213
251361,EAGL,monthly,2024-09-01,108.5,2.5131646141860906
251362,EAGL,monthly,2024-10-01,114.2,2.925548580370467
251363,EAGL,monthly,2024-11-01,117.1,3.135357966674798
251364,EAGL,monthly,2024-12-01,125.7,3.757551319163506
254383,EAGM,monthly,2016-12-01,132.7,2.5668743862565995
254395,EAGM,monthly,2017-12-01,135.9,2.6887614272226146
254407,EAGM,monthly,2018-12-01,136.6,2.71542421743393
254419,EAGM,monthly,2019-12-01,136.8,2.7230421574943064
254455,EAGM,monthly,2022-12-01,143.4,2.9744341794867113
254467,EAGM,monthly,2023-12-01,140.4,2.8601650785810726
254479,EAGM,monthly,2024-12-01,150.1,3.2296351715093037
254868,EAGN,monthly,2020-04-01,41.6,-3.2850011560166124
254874,EAGN,monthly,2020-10-01,107.5,2.544637521191509
254876,EAGN,monthly,2020-12-01,107.5,2.544637521191509
254887,EAGN,monthly,2021-11-01,113.8,3.1019474402569283
254888,EAGN,monthly,2021-12-01,107.0,2.500406575233936
254898,EAGN,monthly,2022-10-01,107.0,2.500406575233936
254899,EAGN,monthly,2022-11-01,113.5,3.075408872682385
254905,EAGN,monthly,2023-05-01,110.2,2.783484629362403
254907,EAGN,monthly,2023-07-01,111.0,2.85425414289452
254911,EAGN,monthly,2023-11-01,116.7,3.358486926810852
254923,EAGN,monthly,2024-11-01,113.0,3.031177926724812
254924,EAGN,monthly,2024-12-01,115.2,3.2257940889381334
257017,EAGO,monthly,2013-12-01,135.4,2.5399843233495996
257029,EAGO,monthly,2014-12-01,138.6,2.6564717985689437
257053,EAGO,monthly,2016-12-01,135.1,2.5290636225477856
257065,EAGO,monthly,2017-12-01,138.0,2.6346303969653166
257077,EAGO,monthly,2018-12-01,141.4,2.75839833938587
257089,EAGO,monthly,2019-12-01,138.2,2.641910864166525
257125,EAGO,monthly,2022-12-01,147.8,2.9913732898245593
257137,EAGO,monthly,2023-12-01,146.4,2.940410019416096
257149,EAGO,monthly,2024-12-01,148.8,3.0277756258306043
257186,EAGP,monthly,1990-12-01,129.9,2.834144865298328
257538,EAGP,monthly,2020-04-01,23.7,-3.1913793332179576
257539,EAGP,monthly,2020-05-01,27.7,-2.9644292692437095
257547,EAGP,monthly,2021-01-01,31.0,-2.7771954664649554
257548,EAGP,monthly,2021-02-01,31.1,-2.771521714865599
257549,EAGP,monthly,2021-03-01,32.6,-2.686415440875256
257569,EAGP,monthly,2022-11-01,134.9,3.1178324452661377
257570,EAGP,monthly,2022-12-01,145.2,3.7022288599998254
230954,EAGP,annual,2023-01-01,135.2,3.1348537000642054
257574,EAGP,monthly,2023-04-01,134.8,3.1121586936667818
257575,EAGP,monthly,2023-05-01,146.9,3.798682637188882
257576,EAGP,monthly,2023-06-01,144.2,3.6454913440062633
257577,EAGP,monthly,2023-07-01,151.7,4.071022713957978
257578,EAGP,monthly,2023-08-01,139.5,3.3788250188365225
257579,EAGP,monthly,2023-09-01,132.3,2.970314903682877
257580,EAGP,monthly,2023-10-01,133.0,3.0100311648783697
257581,EAGP,monthly,2023-11-01,145.9,3.74194512119532
257582,EAGP,monthly,2023-12-01,143.1,3.5830800764133457
257589,EAGP,monthly,2024-07-01,128.9,2.7774073493047657
257590,EAGP,monthly,2024-08-01,130.6,2.8738611264938205
257594,EAGP,monthly,2024-12-01,134.9,3.1178324452661377
260975,EAGR,monthly,2010-01-01,56.9,-2.633847213173488
261080,EAGR,monthly,2018-10-01,115.9,2.700056795957909
261081,EAGR,monthly,2018-11-01,118.8,2.9622317387796206
261098,EAGR,monthly,2020-04-01,44.3,-3.772952137157481
261104,EAGR,monthly,2020-10-01,137.4,4.643767578946468
261105,EAGR,monthly,2020-11-01,136.4,4.553362426249326
261106,EAGR,monthly,2020-12-01,114.7,2.5915706127213376
261110,EAGR,monthly,2021-04-01,121.5,3.2063256510619054
261111,EAGR,monthly,2021-05-01,130.1,3.9838099642573286
261112,EAGR,monthly,2021-06-01,117.9,2.8808671013521936
261113,EAGR,monthly,2021-07-01,114.0,2.528287005833338
261116,EAGR,monthly,2021-10-01,116.1,2.7181378264973364
261117,EAGR,monthly,2021-11-01,121.1,3.170163589983048
263740,EAGS,monthly,2017-12-01,129.9,2.6734222512773553
263752,EAGS,monthly,2018-12-01,125.4,2.5142502242167493
263764,EAGS,monthly,2019-12-01,133.3,2.7936855606120354
263776,EAGS,monthly,2020-12-01,130.8,2.705256656689477
263788,EAGS,monthly,2021-12-01,140.7,3.0554351162228093
263800,EAGS,monthly,2022-12-01,150.7,3.4091507319130447
263812,EAGS,monthly,2023-12-01,147.3,3.2888874225783655
263823,EAGS,monthly,2024-11-01,134.1,2.821982809867254
263824,EAGS,monthly,2024-12-01,171.7,4.151953524862539
264209,EAGT,monthly,2019-12-01,111.0,2.5863521801420917
264216,EAGT,monthly,2020-07-01,113.4,2.76389674305865
264221,EAGT,monthly,2020-12-01,110.5,2.5493637295344755
264226,EAGT,monthly,2021-05-01,110.9,2.578954490020569
264231,EAGT,monthly,2021-10-01,112.3,2.682522151721894
264232,EAGT,monthly,2021-11-01,119.7,3.229951220714614
264233,EAGT,monthly,2021-12-01,111.4,2.615942940628185
264256,EAGT,monthly,2023-11-01,111.4,2.615942940628185
264262,EAGT,monthly,2024-05-01,110.0,2.5123752789268594
264268,EAGT,monthly,2024-11-01,117.5,3.0672020380411023
264269,EAGT,monthly,2024-12-01,118.3,3.126383559013288
194140,EAGX,monthly,2014-12-01,131.3,2.5104429375527872
194164,EAGX,monthly,2016-12-01,136.9,2.766822455645373
194176,EAGX,monthly,2017-12-01,137.6,2.7988698954069458
194188,EAGX,monthly,2018-12-01,139.3,2.8766993919707673
194200,EAGX,monthly,2019-12-01,140.5,2.931637860133464
194212,EAGX,monthly,2020-12-01,131.3,2.5104429375527872
194260,EAGX,monthly,2024-12-01,131.5,2.519599348913236
196810,EAGY,monthly,2014-12-01,142.8,2.657675376418622
196834,EAGY,monthly,2016-12-01,139.2,2.525557574109464
196846,EAGY,monthly,2017-12-01,141.0,2.591616475264043
196858,EAGY,monthly,2018-12-01,145.4,2.7530937891974574
196870,EAGY,monthly,2019-12-01,142.6,2.650335498512557
196906,EAGY,monthly,2022-12-01,142.2,2.635655742700428
200238,EAGZ,monthly,2003-12-01,148.3,2.5861343630679325
200274,EAGZ,monthly,2006-12-01,152.2,2.772521174699342
200286,EAGZ,monthly,2007-12-01,147.2,2.5335637238898414
203485,EAHA,monthly,2014-12-01,120.1,2.5494218664502846
203509,EAHA,monthly,2016-12-01,126.0,2.8576655646629643
203521,EAHA,monthly,2017-12-01,127.7,2.946481545503906
203533,EAHA,monthly,2018-12-01,126.7,2.894236850891587
203545,EAHA,monthly,2019-12-01,133.5,3.249500774255353
203557,EAHA,monthly,2020-12-01,132.3,3.186807140720571
203568,EAHA,monthly,2021-11-01,122.9,2.695707011364777
203569,EAHA,monthly,2021-12-01,132.9,3.2181539574879623
203581,EAHA,monthly,2022-12-01,123.9,2.7479517059770955
203593,EAHA,monthly,2023-12-01,120.6,2.575544213756444
203604,EAHA,monthly,2024-11-01,120.4,2.565095274833981
203605,EAHA,monthly,2024-12-01,139.3,3.552520003006801
195463,EAHI,monthly,2013-12-01,153.7,2.858025720168661
195475,EAHI,monthly,2014-12-01,154.5,2.888445355529236
195487,EAHI,monthly,2015-12-01,164.9,3.2839006152167043
195499,EAHI,monthly,2016-12-01,176.2,3.713577964684818
195511,EAHI,monthly,2017-12-01,178.7,3.808639325186613
195523,EAHI,monthly,2018-12-01,177.6,3.7668123265658235
195535,EAHI,monthly,2019-12-01,172.9,3.588096968822449
195547,EAHI,monthly,2020-12-01,155.6,2.9302723541500257
195559,EAHI,monthly,2021-12-01,146.0,2.5652367298231322
195571,EAHI,monthly,2022-12-01,150.9,2.7515569964066513
195595,EAHI,monthly,2024-12-01,152.6,2.8161987215478717
195908,EAHJ,monthly,2013-12-01,159.5,2.84845058574915
195920,EAHJ,monthly,2014-12-01,160.0,2.865911607836648
195932,EAHJ,monthly,2015-12-01,171.6,3.2710073202665884
195944,EAHJ,monthly,2016-12-01,186.0,3.7738847563865154
195956,EAHJ,monthly,2017-12-01,187.0,3.8088068005615106
195968,EAHJ,monthly,2018-12-01,183.2,3.6761030326965294
195980,EAHJ,monthly,2019-12-01,179.1,3.5329226515790504
195992,EAHJ,monthly,2020-12-01,159.5,2.84845058574915
196016,EAHJ,monthly,2022-12-01,152.9,2.617965094194184
196040,EAHJ,monthly,2024-12-01,153.6,2.64241052511668
196197,EAHK,monthly,2000-12-01,125.3,3.0558862181985353
196221,EAHK,monthly,2002-12-01,119.3,2.609762433857948
196413,EAHK,monthly,2018-12-01,125.2,3.0484508217928594
196437,EAHK,monthly,2020-12-01,119.0,2.587456244640919
196448,EAHK,monthly,2021-11-01,122.1,2.8179535332168886
196449,EAHK,monthly,2021-12-01,130.0,3.405349849265329
196461,EAHK,monthly,2022-12-01,132.3,3.5763639665958884
196484,EAHK,monthly,2024-11-01,121.5,2.7733411547828304
196485,EAHK,monthly,2024-12-01,144.0,4.446305346060033
198590,EAHL,monthly,2014-12-01,146.6,2.668775542636948
198626,EAHL,monthly,2017-12-01,142.7,2.532762738747809
198638,EAHL,monthly,2018-12-01,148.5,2.7350381906855032
198650,EAHL,monthly,2019-12-01,143.8,2.571125324460131
199023,EAHM,monthly,2013-12-01,148.9,2.5553124023528593
199035,EAHM,monthly,2014-12-01,153.8,2.7112602994134822
199059,EAHM,monthly,2016-12-01,148.0,2.52666891105601
199083,EAHM,monthly,2018-12-01,151.0,2.6221472153788405
199488,EAHN,monthly,2015-08-01,129.0,2.809999083887184
199512,EAHN,monthly,2017-08-01,132.2,2.9963849590629663
199524,EAHN,monthly,2018-08-01,123.8,2.507122036726536
199528,EAHN,monthly,2018-12-01,130.9,2.9206656972728053
199535,EAHN,monthly,2019-07-01,129.1,2.8158236424864267
199536,EAHN,monthly,2019-08-01,128.2,2.7634026150932374
199544,EAHN,monthly,2020-04-01,24.1,-3.2999628867189585
199545,EAHN,monthly,2020-05-01,31.0,-2.898068343371176
199553,EAHN,monthly,2021-01-01,29.3,-2.997085839558311
199554,EAHN,monthly,2021-02-01,32.6,-2.8048754057832843
199555,EAHN,monthly,2021-03-01,33.2,-2.769928054187825
199575,EAHN,monthly,2022-11-01,125.3,2.594490415715184
199576,EAHN,monthly,2022-12-01,135.8,3.2060690686357236
171328,EAHN,annual,2023-01-01,124.4,2.5420693883219956
199580,EAHN,monthly,2023-04-01,133.1,3.0488059864561556
199581,EAHN,monthly,2023-05-01,145.4,3.765226694163073
199582,EAHN,monthly,2023-06-01,136.5,3.2468409788304253
199583,EAHN,monthly,2023-07-01,142.1,3.5730162603880458
199584,EAHN,monthly,2023-08-01,123.8,2.507122036726536
191158,EAHP,monthly,1988-12-01,156.8,3.37230214674824
191166,EAHP,monthly,1989-08-01,144.4,2.5313477096694927
191170,EAHP,monthly,1989-12-01,158.0,3.453684834207473
191177,EAHP,monthly,1990-07-01,144.6,2.5449114909126975
191182,EAHP,monthly,1990-12-01,154.2,3.195972990586566
194585,EAHQ,monthly,2014-12-01,142.0,2.5361410376230027
194597,EAHQ,monthly,2015-12-01,142.3,2.546885194061138
194609,EAHQ,monthly,2016-12-01,148.8,2.779675250220729
194621,EAHQ,monthly,2017-12-01,148.6,2.772512479261972
194633,EAHQ,monthly,2018-12-01,149.2,2.7940007921382417
194645,EAHQ,monthly,2019-12-01,149.7,2.8119077195351334
194718,EAHR,monthly,1988-12-01,122.7,3.334208468372341
194730,EAHR,monthly,1989-12-01,125.4,3.6242152120824755
194742,EAHR,monthly,1990-12-01,123.1,3.3771724304034714
194971,EAHR,monthly,2010-01-01,65.9,-2.766674140048249
195007,EAHR,monthly,2013-01-01,68.3,-2.5088903678614645
195077,EAHR,monthly,2018-11-01,116.5,2.6682670568898117
195090,EAHR,monthly,2019-12-01,116.3,2.646785075874246
195094,EAHR,monthly,2020-04-01,46.9,-4.807462336526969
195095,EAHR,monthly,2020-05-01,61.2,-3.271500693914038
195097,EAHR,monthly,2020-07-01,115.3,2.5393751707964185
195100,EAHR,monthly,2020-10-01,119.7,3.0119787531388593
195101,EAHR,monthly,2020-11-01,116.0,2.614562104350898
195102,EAHR,monthly,2020-12-01,119.1,2.947532810092162
195107,EAHR,monthly,2021-05-01,115.0,2.507152199273071
195113,EAHR,monthly,2021-11-01,120.0,3.0442017246622073
197243,EAHS,monthly,2013-12-01,147.1,2.5566698469057836
197255,EAHS,monthly,2014-12-01,151.7,2.7062676149280227
197279,EAHS,monthly,2016-12-01,148.0,2.585938975431874
197291,EAHS,monthly,2017-12-01,146.7,2.543661345338632
197303,EAHS,monthly,2018-12-01,150.9,2.6802506117937206
197315,EAHS,monthly,2019-12-01,148.0,2.585938975431874
197400,EAHT,monthly,1989-12-01,121.7,2.536510445861636
197412,EAHT,monthly,1990-12-01,121.9,2.5490255245278797
197764,EAHT,monthly,2020-04-01,26.3,-3.433182077936423
197765,EAHT,monthly,2020-05-01,30.7,-3.1578503472790698
197773,EAHT,monthly,2021-01-01,35.0,-2.888776155954839
197774,EAHT,monthly,2021-02-01,35.3,-2.870003537955474
197775,EAHT,monthly,2021-03-01,36.6,-2.7886555266248925
197795,EAHT,monthly,2022-11-01,130.4,3.08091636784322
197796,EAHT,monthly,2022-12-01,140.6,3.7191853798216283
171180,EAHT,annual,2023-01-01,127.4,2.8931901878495703
197800,EAHT,monthly,2023-04-01,128.1,2.9369929631814213
197801,EAHT,monthly,2023-05-01,138.0,3.5564893571604657
197802,EAHT,monthly,2023-06-01,135.5,3.400050873832424
197803,EAHT,monthly,2023-07-01,144.8,3.9820020318127387
197804,EAHT,monthly,2023-08-01,131.7,3.1622643791738008
197805,EAHT,monthly,2023-09-01,122.2,2.567798142527244
197806,EAHT,monthly,2023-10-01,122.1,2.561540603194122
197807,EAHT,monthly,2023-11-01,134.4,3.3312179411680862
197808,EAHT,monthly,2023-12-01,131.6,3.1560068398406793
197815,EAHT,monthly,2024-07-01,121.5,2.5239953671953925
197816,EAHT,monthly,2024-08-01,122.3,2.5740556818603655
197820,EAHT,monthly,2024-12-01,123.7,2.661661232524069
200719,EAHU,monthly,2006-12-01,164.5,2.640395501532936
200731,EAHU,monthly,2007-12-01,162.5,2.5699701489421356
200743,EAHU,monthly,2008-12-01,160.9,2.513629866869495
200948,EAHV,monthly,1988-12-01,147.5,3.09708617739589
200960,EAHV,monthly,1989-12-01,147.8,3.118793883560165
200972,EAHV,monthly,1990-12-01,142.8,2.7569987808222596
201324,EAHV,monthly,2020-04-01,52.8,-3.7553130684600484
201330,EAHV,monthly,2020-10-01,161.6,4.117348367116785
201331,EAHV,monthly,2020-11-01,159.9,3.994338032185897
201336,EAHV,monthly,2021-04-01,139.3,2.503742208905725
201337,EAHV,monthly,2021-05-01,147.0,3.0609066671220995
203954,EAHW,monthly,2016-12-01,136.8,2.7780282195927337
203966,EAHW,monthly,2017-12-01,140.0,2.89014138708883
203978,EAHW,monthly,2018-12-01,135.3,2.725475172328938
203990,EAHW,monthly,2019-12-01,144.4,3.0442969923959637
204002,EAHW,monthly,2020-12-01,141.9,2.956708580289638
204014,EAHW,monthly,2021-12-01,146.8,3.1283818680180366
204026,EAHW,monthly,2022-12-01,148.0,3.1704243058290724
204038,EAHW,monthly,2023-12-01,140.4,2.9041555330258424
204050,EAHW,monthly,2024-12-01,162.6,3.681940632530015
204063,EAHX,monthly,1988-12-01,115.7,2.5094526078017663
204075,EAHX,monthly,1989-12-01,119.1,2.839929776392948
204087,EAHX,monthly,1990-12-01,116.4,2.577492024864657
204352,EAHX,monthly,2013-01-01,60.3,-2.875381256889856
204423,EAHX,monthly,2018-12-01,116.2,2.5580521914181165
204435,EAHX,monthly,2019-12-01,120.4,2.9662886937954602
204439,EAHX,monthly,2020-04-01,48.0,-4.070931013852075
204442,EAHX,monthly,2020-07-01,125.4,3.452284529958964
204447,EAHX,monthly,2020-12-01,120.7,2.99544844396527
204452,EAHX,monthly,2021-05-01,119.5,2.8788094432860287
204457,EAHX,monthly,2021-10-01,118.9,2.8204899429464088
204458,EAHX,monthly,2021-11-01,125.5,3.4620044466822333
204459,EAHX,monthly,2021-12-01,116.2,2.5580521914181165
257979,EAPG,monthly,2019-12-01,129.5,2.6496368571336513
257983,EAPG,monthly,2020-04-01,38.5,-2.7368532465281294
257984,EAPG,monthly,2020-05-01,24.7,-3.5537055919185967
258003,EAPG,monthly,2021-12-01,141.4,3.3540240245355766
258014,EAPG,monthly,2022-11-01,170.4,5.070597793834386
258015,EAPG,monthly,2022-12-01,184.1,5.881530919330719
258039,EAPG,monthly,2024-12-01,128.6,2.5963638780864464
259723,EAPH,monthly,2016-12-01,123.9,2.5112609929007657
259735,EAPH,monthly,2017-12-01,127.6,2.6921093453572946
259759,EAPH,monthly,2019-12-01,127.2,2.6725581721187512
259794,EAPH,monthly,2022-11-01,125.7,2.599241272474212
259795,EAPH,monthly,2022-12-01,152.1,3.889618706218096
259801,EAPH,monthly,2023-06-01,124.3,2.530812166139309
259802,EAPH,monthly,2023-07-01,126.9,2.6578947921898437
259803,EAPH,monthly,2023-08-01,131.6,2.8876210777427316
259805,EAPH,monthly,2023-10-01,124.5,2.540587752758581
259806,EAPH,monthly,2023-11-01,145.1,3.547473174543581
259807,EAPH,monthly,2023-12-01,162.3,4.388173623800961
259814,EAPH,monthly,2024-07-01,128.8,2.7507628650729266
259815,EAPH,monthly,2024-08-01,134.3,3.019591497102902
259816,EAPH,monthly,2024-09-01,127.4,2.6823337587380234
259818,EAPH,monthly,2024-11-01,131.1,2.863182111194552
259819,EAPH,monthly,2024-12-01,174.4,4.9795966142669075
261543,EAPI,monthly,2020-04-01,19.3,-2.7593723447686855
261574,EAPI,monthly,2022-11-01,115.0,2.825993667012779
261586,EAPI,monthly,2023-11-01,113.1,2.7151034327140873
262440,EAPK,monthly,2020-11-01,128.2,2.5024266146419687
262444,EAPK,monthly,2021-03-01,130.3,2.5983864653519486
262445,EAPK,monthly,2021-04-01,134.5,2.7903061667719053
265399,EAPM,monthly,2007-11-01,122.6,2.5284621117734996
265548,EAPM,monthly,2020-04-01,13.8,-3.8916857917369088
265549,EAPM,monthly,2020-05-01,14.9,-3.826776208153623
265555,EAPM,monthly,2020-11-01,34.4,-2.676106317359019
265556,EAPM,monthly,2020-12-01,25.5,-3.201283857260146
265557,EAPM,monthly,2021-01-01,16.4,-3.738263139630962
265558,EAPM,monthly,2021-02-01,20.8,-3.4786248052978204
265591,EAPM,monthly,2023-11-01,124.0,2.6110743090613178
265602,EAPM,monthly,2024-10-01,129.8,2.9533248406822774
265603,EAPM,monthly,2024-11-01,140.7,3.596519805280286
265605,EAPM,monthly,2025-01-01,125.9,2.7231908625233565
268225,EAPN,monthly,2020-11-01,151.7,3.5982957565604927
268226,EAPN,monthly,2020-12-01,129.6,2.919105437552906
268237,EAPN,monthly,2021-11-01,137.2,3.152673149066827
268238,EAPN,monthly,2021-12-01,131.2,2.96827758734531
268249,EAPN,monthly,2022-11-01,125.5,2.7931018037098694
268261,EAPN,monthly,2023-11-01,139.1,3.2110650769453075
268262,EAPN,monthly,2023-12-01,122.5,2.700904022849111
268273,EAPN,monthly,2024-11-01,129.7,2.922178696914931
268274,EAPN,monthly,2024-12-01,131.6,2.9805706247934114
268311,EAPO,monthly,1990-12-01,132.3,2.5108758153753583
268648,EAPO,monthly,2019-01-01,43.3,-3.026395262193238
268663,EAPO,monthly,2020-04-01,44.6,-2.9455137745433593
268718,EAPO,monthly,2024-11-01,139.0,2.9277265594170383
264642,EAPQ,monthly,2018-12-01,118.3,2.580991752227082
264654,EAPQ,monthly,2019-12-01,119.2,2.6175427631638484
264666,EAPQ,monthly,2020-12-01,118.6,2.5931754225393373
264678,EAPQ,monthly,2021-12-01,132.8,3.1698691506527563
264689,EAPQ,monthly,2022-11-01,120.0,2.6500325506631954
264690,EAPQ,monthly,2022-12-01,146.5,3.726256761579082
264701,EAPQ,monthly,2023-11-01,135.7,3.28764463033789
264702,EAPQ,monthly,2023-12-01,155.7,4.099889317821578
231547,EAPQ,annual,2024-01-01,117.2,2.5363182944154796
264709,EAPQ,monthly,2024-07-01,119.7,2.6378488803509406
264712,EAPQ,monthly,2024-10-01,119.1,2.6134815397264295
264713,EAPQ,monthly,2024-11-01,134.4,3.234848725651451
264714,EAPQ,monthly,2024-12-01,178.0,5.00554214436589
198205,EAQI,monthly,2019-12-01,140.4,2.8806634814528422
198209,EAQI,monthly,2020-04-01,43.6,-2.9082322512094847
198210,EAQI,monthly,2020-05-01,27.7,-3.859094256884392
198229,EAQI,monthly,2021-12-01,147.2,3.2873214461439964
198240,EAQI,monthly,2022-11-01,165.2,4.363768999738231
198241,EAQI,monthly,2022-12-01,178.2,5.141203344000734
199949,EAQJ,monthly,2016-12-01,128.1,2.534512217034097
199961,EAQJ,monthly,2017-12-01,130.1,2.6200120815099344
199985,EAQJ,monthly,2019-12-01,133.3,2.7568118646712745
200021,EAQJ,monthly,2022-12-01,149.7,3.4579107533731395
200032,EAQJ,monthly,2023-11-01,136.3,2.8850616613850306
200033,EAQJ,monthly,2023-12-01,153.4,3.6160855026534393
200041,EAQJ,monthly,2024-08-01,129.0,2.572987156048224
200045,EAQJ,monthly,2024-12-01,165.9,4.150459655627422
201752,EAQK,monthly,2018-11-01,124.7,2.6713014517183478
201769,EAQK,monthly,2020-04-01,23.4,-4.76479206274962
201770,EAQK,monthly,2020-05-01,37.1,-3.7591209754030133
201775,EAQK,monthly,2020-10-01,129.3,3.0089720357909315
201782,EAQK,monthly,2021-05-01,122.9,2.5391694840377723
202467,EAQM,monthly,2004-04-01,171.8,2.9354974764481168
202468,EAQM,monthly,2004-05-01,162.3,2.5318748371671043
202503,EAQM,monthly,2007-04-01,164.1,2.608350705662453
205399,EAQO,monthly,1989-01-01,226.6,2.515484437290234
205411,EAQO,monthly,1990-01-01,228.3,2.5569670477377393
205774,EAQO,monthly,2020-04-01,16.5,-2.61127818331021
205775,EAQO,monthly,2020-05-01,17.8,-2.5795561870856476
205783,EAQO,monthly,2021-01-01,18.7,-2.5575948050840274
208445,EAQP,monthly,2020-05-01,126.4,2.6300100562803963
208446,EAQP,monthly,2020-06-01,128.7,2.6993918031426487
208450,EAQP,monthly,2020-10-01,130.4,2.7506739638669226
208451,EAQP,monthly,2020-11-01,174.5,4.080993545008377
208452,EAQP,monthly,2020-12-01,147.6,3.2695287664889863
208453,EAQP,monthly,2021-01-01,125.5,2.6028606770734277
208455,EAQP,monthly,2021-03-01,122.7,2.5183959417628587
208463,EAQP,monthly,2021-11-01,146.8,3.245395984971682
208464,EAQP,monthly,2021-12-01,139.4,3.0221677559366076
208487,EAQP,monthly,2023-11-01,130.3,2.74765736617726
208499,EAQP,monthly,2024-11-01,123.0,2.527445734831849
208500,EAQP,monthly,2024-12-01,124.4,2.569678102487133
208508,EAQQ,monthly,1988-07-01,419.7,2.5056116011830585
208513,EAQQ,monthly,1988-12-01,433.0,2.6478198070021093
208525,EAQQ,monthly,1989-12-01,424.3,2.5547963941731062
204856,EAQS,monthly,2017-12-01,117.1,2.699130489055097
204868,EAQS,monthly,2018-12-01,128.4,3.262932617603529
204880,EAQS,monthly,2019-12-01,126.9,3.1880916270882507
204892,EAQS,monthly,2020-12-01,127.2,3.203059825191306
204903,EAQS,monthly,2021-11-01,113.2,2.5045439137153735
204904,EAQS,monthly,2021-12-01,138.9,3.7868195512104785
204915,EAQS,monthly,2022-11-01,116.2,2.6542258947459305
204916,EAQS,monthly,2022-12-01,141.3,3.9065651360349243
204927,EAQS,monthly,2023-11-01,123.6,3.0234414479546374
204928,EAQS,monthly,2023-12-01,142.8,3.981406126550203
204939,EAQS,monthly,2024-11-01,121.1,2.8987064637625064
204940,EAQS,monthly,2024-12-01,159.9,4.834593418424378
155019,EAQZ,monthly,2024-11-01,111.7,2.504639650205384
4235,EAQZ,monthly,2024-11-01,111.7,2.504639650205384
4255,EAQZ,monthly,2025-01-01,111.7,2.504639650205384
155085,EAQZ,monthly,2025-01-01,111.7,2.504639650205384
269038,J43H,monthly,2022-06-01,110.5,2.5893867599332254
269039,J43H,monthly,2022-07-01,112.5,2.692921692843595
261720,J43J,monthly,1997-12-01,186.8,2.636848575266134
261732,J43J,monthly,1998-12-01,196.7,2.9604046676400393
261744,J43J,monthly,1999-12-01,196.7,2.9604046676400393
261756,J43J,monthly,2000-12-01,214.6,3.5454202285989203
261768,J43J,monthly,2001-12-01,242.8,4.467064855360956
261780,J43J,monthly,2002-12-01,239.1,4.346139851140405
261792,J43J,monthly,2003-12-01,236.0,4.244824307063728
261804,J43J,monthly,2004-12-01,226.1,3.9212682146898215
261816,J43J,monthly,2005-12-01,228.9,4.012779028694562
261828,J43J,monthly,2006-12-01,233.7,4.169654709845547
261840,J43J,monthly,2007-12-01,230.6,4.06833916576887
261852,J43J,monthly,2008-12-01,220.6,3.741514830037651
261864,J43J,monthly,2009-12-01,213.3,3.5029330649538624
261876,J43J,monthly,2010-12-01,189.5,2.7250911459135625
249115,J43S,monthly,2022-12-01,124.1,2.719444471376375
249126,J43S,monthly,2023-11-01,121.3,2.596421310572786
249127,J43S,monthly,2023-12-01,125.6,2.7853497360925834
249139,J43S,monthly,2024-12-01,131.6,3.048970794957417
249560,J43T,monthly,2022-12-01,129.8,2.733571853718105
249572,J43T,monthly,2023-12-01,129.1,2.7062078303672026
249584,J43T,monthly,2024-12-01,134.5,2.917301724788447
249980,J43U,monthly,2020-11-01,114.4,2.907261507868782
249981,J43U,monthly,2020-12-01,111.0,2.684124557742547
249992,J43U,monthly,2021-11-01,117.7,3.123835606520715
249993,J43U,monthly,2021-12-01,116.1,3.0188299829318983
250004,J43U,monthly,2022-11-01,110.7,2.6644360033196444
250010,J43U,monthly,2023-05-01,110.3,2.63818459742244
250012,J43U,monthly,2023-07-01,109.9,2.611933191525236
250015,J43U,monthly,2023-10-01,112.4,2.7760044783827618
250016,J43U,monthly,2023-11-01,124.8,3.589798061196087
250017,J43U,monthly,2023-12-01,113.8,2.867884399022975
250022,J43U,monthly,2024-05-01,111.7,2.730064518062654
250024,J43U,monthly,2024-07-01,110.9,2.6775617062682464
250027,J43U,monthly,2024-10-01,109.7,2.598807488576634
250028,J43U,monthly,2024-11-01,120.3,3.2944697448525413
250029,J43U,monthly,2024-12-01,121.7,3.386349665492756
209238,J43V,monthly,2020-04-01,43.5,-6.050707497683836
209239,J43V,monthly,2020-05-01,63.2,-3.73393953070202
209247,J43V,monthly,2021-01-01,71.1,-2.8048802952118517
201994,J43X,monthly,2001-12-01,172.9,2.619290895921546
202006,J43X,monthly,2002-12-01,178.3,2.7784025845244096
202018,J43X,monthly,2003-12-01,185.5,2.99055150266156
202030,J43X,monthly,2004-12-01,183.8,2.9404607858791776
202042,J43X,monthly,2005-12-01,193.3,3.2203794973101405
202054,J43X,monthly,2006-12-01,208.7,3.6741424611034907
202066,J43X,monthly,2007-12-01,206.9,3.6211052315692034
202078,J43X,monthly,2008-12-01,213.0,3.8008425094354004
202090,J43X,monthly,2009-12-01,193.0,3.211539959054426
202102,J43X,monthly,2010-12-01,172.5,2.6075048449139264
202210,J43X,monthly,2019-12-01,183.2,2.9227817093677477
189293,J448,monthly,2018-12-01,123.8,2.543537618966286
189305,J448,monthly,2019-12-01,127.1,2.718923588817107
189317,J448,monthly,2020-12-01,128.1,2.7720708524082642
189329,J448,monthly,2021-12-01,126.1,2.665776325225949
189750,J449,monthly,2019-12-01,131.1,2.5368937238170544
189823,J44A,monthly,1988-12-01,119.1,3.074437873977156
189835,J44A,monthly,1989-12-01,121.4,3.299169304862354
189847,J44A,monthly,1990-12-01,119.1,3.074437873977156
190182,J44A,monthly,2018-11-01,113.4,2.517494762652973
190195,J44A,monthly,2019-12-01,113.6,2.5370366262082062
190202,J44A,monthly,2020-07-01,118.1,2.976728556200983
190205,J44A,monthly,2020-10-01,121.1,3.269856509529501
190206,J44A,monthly,2020-11-01,129.3,4.071072915294119
190207,J44A,monthly,2020-12-01,124.6,3.6118391217461054
190211,J44A,monthly,2021-04-01,115.6,2.7324552617605518
190212,J44A,monthly,2021-05-01,115.0,2.6738296710948486
190217,J44A,monthly,2021-10-01,113.4,2.517494762652973
190218,J44A,monthly,2021-11-01,125.3,3.6802356441894264
190219,J44A,monthly,2021-12-01,122.9,3.445733281526613
190242,J44A,monthly,2023-11-01,115.4,2.7129133982053184
266889,J596,monthly,2020-10-01,114.9,2.508057640062408
266890,J596,monthly,2020-11-01,149.2,3.6186968074749277
266891,J596,monthly,2020-12-01,128.3,2.94195165881832
266902,J596,monthly,2021-11-01,136.2,3.1977548489803866
266903,J596,monthly,2021-12-01,129.6,2.9840458546677735
266914,J596,monthly,2022-11-01,125.4,2.8480492219233837
266926,J596,monthly,2023-11-01,137.8,3.249563090025869
266927,J596,monthly,2023-12-01,120.9,2.7023385439829655
266938,J596,monthly,2024-11-01,130.2,3.003473945059829
266939,J596,monthly,2024-12-01,130.3,3.0067119601251724
267335,J597,monthly,2020-11-01,138.7,3.467341137628621
267336,J597,monthly,2020-12-01,122.1,2.9150866669953044
267347,J597,monthly,2021-11-01,131.4,3.22448224391638
267348,J597,monthly,2021-12-01,121.4,2.891798827872213
267359,J597,monthly,2022-11-01,134.1,3.314306766248305
267360,J597,monthly,2022-12-01,122.4,2.92506716947663
267371,J597,monthly,2023-11-01,133.5,3.294345761285655
267372,J597,monthly,2023-12-01,116.9,2.742091290652338
267383,J597,monthly,2024-11-01,124.1,2.981623350204138
267384,J597,monthly,2024-12-01,128.9,3.141311389905338
267774,J598,monthly,2020-05-01,128.6,2.5580060986376854
267775,J598,monthly,2020-06-01,130.9,2.62724690177253
267776,J598,monthly,2020-07-01,129.7,2.59112126535435
267779,J598,monthly,2020-10-01,133.4,2.702508644310404
267780,J598,monthly,2020-11-01,171.3,3.8434766611845754
267781,J598,monthly,2020-12-01,141.3,2.9403357507300862
267782,J598,monthly,2021-01-01,127.3,2.518869992517991
267785,J598,monthly,2021-04-01,129.4,2.582089856249805
267792,J598,monthly,2021-11-01,146.3,3.0908592358058344
267793,J598,monthly,2021-12-01,146.7,3.1029011146118934
267794,J598,monthly,2022-01-01,129.9,2.5971422047573802
267816,J598,monthly,2023-11-01,146.7,3.1029011146118934
267817,J598,monthly,2023-12-01,129.3,2.5790793865482904
267828,J598,monthly,2024-11-01,142.9,2.9885032659543254
267829,J598,monthly,2024-12-01,133.0,2.6904667655043437
247972,J5AH,monthly,2022-12-01,120.5,2.6576676380692437
247983,J5AH,monthly,2023-11-01,117.9,2.5243828285751198
247984,J5AH,monthly,2023-12-01,120.5,2.6576676380692437
247996,J5AH,monthly,2024-12-01,126.0,2.9396162735375833
248321,J5AI,monthly,2022-12-01,125.2,2.716836043038776
248333,J5AI,monthly,2023-12-01,123.2,2.6232638638086403
248345,J5AI,monthly,2024-12-01,128.0,2.847837093960965
248657,J5AJ,monthly,2021-11-01,115.8,2.8659351858984494
248658,J5AJ,monthly,2021-12-01,113.5,2.708019310891629
248680,J5AJ,monthly,2023-10-01,111.4,2.5638352511027938
248681,J5AJ,monthly,2023-11-01,122.6,3.3328169033099178
248682,J5AJ,monthly,2023-12-01,111.1,2.5432375282758164
248693,J5AJ,monthly,2024-11-01,118.0,3.0169851532962775
248694,J5AJ,monthly,2024-12-01,118.7,3.065046506559223
153282,J5BI,monthly,2020-06-01,114.6,2.556648215968097
3706,J5BI,monthly,2020-06-01,114.6,2.556648215968097
153480,J5BI,monthly,2020-12-01,113.5,2.520256006038778
3766,J5BI,monthly,2020-12-01,113.5,2.520256006038778
3886,J5BI,monthly,2021-12-01,113.9,2.533489536922167
153876,J5BI,monthly,2021-12-01,113.9,2.533489536922167
207110,J5CL,monthly,2020-05-01,124.8,2.6544694214489875
207111,J5CL,monthly,2020-06-01,127.5,2.743691481949415
207112,J5CL,monthly,2020-07-01,122.1,2.5652473609485593
207115,J5CL,monthly,2020-10-01,132.1,2.8956994368760696
207116,J5CL,monthly,2020-11-01,173.1,4.2505529481788615
207117,J5CL,monthly,2020-12-01,147.2,3.39468207152661
207118,J5CL,monthly,2021-01-01,125.3,2.6709920252453627
207120,J5CL,monthly,2021-03-01,123.0,2.5949880477820355
207121,J5CL,monthly,2021-04-01,121.8,2.555333798670734
207128,J5CL,monthly,2021-11-01,146.3,3.3649413846931346
207129,J5CL,monthly,2021-12-01,138.3,3.100579723951127
207140,J5CL,monthly,2022-11-01,120.9,2.5255931118372588
207152,J5CL,monthly,2023-11-01,129.2,2.7998683348570914
207164,J5CL,monthly,2024-11-01,123.8,2.6214242138562365
207165,J5CL,monthly,2024-12-01,123.4,2.608206130819136
207550,J5CM,monthly,2019-12-01,115.8,2.5265515788121222
207560,J5CM,monthly,2020-10-01,121.4,2.7124855614427985
207561,J5CM,monthly,2020-11-01,160.2,4.000742441098198
207562,J5CM,monthly,2020-12-01,139.6,3.316771004992496
207573,J5CM,monthly,2021-11-01,141.0,3.3632545006501653
207574,J5CM,monthly,2021-12-01,129.4,2.978105536629479
207585,J5CM,monthly,2022-11-01,129.7,2.988066285698979
207586,J5CM,monthly,2022-12-01,118.7,2.622838819817294
207597,J5CM,monthly,2023-11-01,125.4,2.845295549036139
207609,J5CM,monthly,2024-11-01,117.9,2.596276822298626
207610,J5CM,monthly,2024-12-01,122.1,2.7357273092716325
172028,J5CN,annual,2020-01-01,137.0,2.571783279051074
208000,J5CN,monthly,2020-05-01,153.0,3.0761288838775194
208001,J5CN,monthly,2020-06-01,153.9,3.104498324149007
208002,J5CN,monthly,2020-07-01,152.6,3.0635202437568583
208003,J5CN,monthly,2020-08-01,135.2,2.515044398508099
208004,J5CN,monthly,2020-09-01,136.8,2.5654789589907443
208005,J5CN,monthly,2020-10-01,154.7,3.129715604390329
208006,J5CN,monthly,2020-11-01,200.2,4.563948418115532
208007,J5CN,monthly,2020-12-01,163.1,3.394497046924213
208008,J5CN,monthly,2021-01-01,148.6,2.937433842550247
208009,J5CN,monthly,2021-02-01,138.1,2.6064570393828923
208010,J5CN,monthly,2021-03-01,140.5,2.6821088801068593
208011,J5CN,monthly,2021-04-01,148.9,2.9468903226407432
208018,J5CN,monthly,2021-11-01,157.5,3.217976085234957
208019,J5CN,monthly,2021-12-01,156.8,3.1959109650238005
208020,J5CN,monthly,2022-01-01,139.6,2.6537394398353715
208042,J5CN,monthly,2023-11-01,137.3,2.5812397591415706
208054,J5CN,monthly,2024-11-01,136.1,2.543413838779587
188150,J5DD,monthly,2018-12-01,122.1,2.607096607753028
188162,J5DD,monthly,2019-12-01,125.3,2.823656424861809
188174,J5DD,monthly,2020-12-01,124.0,2.735678999161367
188186,J5DD,monthly,2021-12-01,123.4,2.695074033453471
188499,J5DE,monthly,2018-12-01,125.6,2.5108294364667985
188511,J5DE,monthly,2019-12-01,128.8,2.6927363289583837
188741,J5DF,monthly,2010-01-01,65.7,-2.6325636800350742
188777,J5DF,monthly,2013-01-01,66.8,-2.518664156793734
188867,J5DF,monthly,2020-07-01,117.1,2.6896504059694073
188870,J5DF,monthly,2020-10-01,120.0,2.989930967242034
188871,J5DF,monthly,2020-11-01,126.7,3.6836826088029304
188872,J5DF,monthly,2020-12-01,122.0,3.197021009499018
188883,J5DF,monthly,2021-11-01,124.2,3.4248200559817006
188884,J5DF,monthly,2021-12-01,121.0,3.093475988370526
45674,J5DZ,monthly,2020-05-01,133.0,3.00313275943862
112774,J5DZ,monthly,2020-05-01,133.0,3.00313275943862
112807,J5DZ,monthly,2020-06-01,133.4,3.016675553115511
45684,J5DZ,monthly,2020-06-01,133.4,3.016675553115511
112840,J5DZ,monthly,2020-07-01,129.4,2.8812476163466
45694,J5DZ,monthly,2020-07-01,129.4,2.8812476163466
45704,J5DZ,monthly,2020-08-01,123.9,2.6950342032893477
112873,J5DZ,monthly,2020-08-01,123.9,2.6950342032893477
45714,J5DZ,monthly,2020-09-01,122.2,2.63747733016256
112906,J5DZ,monthly,2020-09-01,122.2,2.63747733016256
112939,J5DZ,monthly,2020-10-01,130.6,2.9218759973772728
45724,J5DZ,monthly,2020-10-01,130.6,2.9218759973772728
112972,J5DZ,monthly,2020-11-01,130.2,2.9083332037003817
45734,J5DZ,monthly,2020-11-01,130.2,2.9083332037003817
113005,J5DZ,monthly,2020-12-01,130.5,2.9184902989580506
45744,J5DZ,monthly,2020-12-01,130.5,2.9184902989580506
113038,J5DZ,monthly,2021-01-01,129.3,2.8778619179273774
89350,J5DZ,annual,2021-01-01,118.9,2.525749282328209
45754,J5DZ,monthly,2021-01-01,129.3,2.8778619179273774
113071,J5DZ,monthly,2021-02-01,127.4,2.813533647962145
45764,J5DZ,monthly,2021-02-01,127.4,2.813533647962145
113104,J5DZ,monthly,2021-03-01,125.3,2.7424339811584657
45774,J5DZ,monthly,2021-03-01,125.3,2.7424339811584657
113137,J5DZ,monthly,2021-04-01,125.3,2.7424339811584657
45784,J5DZ,monthly,2021-04-01,125.3,2.7424339811584657
45794,J5DZ,monthly,2021-05-01,119.4,2.542677774424323
113170,J5DZ,monthly,2021-05-01,119.4,2.542677774424323
45864,J5DZ,monthly,2021-12-01,121.8,2.6239345364856685
113401,J5DZ,monthly,2021-12-01,121.8,2.6239345364856685
265820,JJ8J,monthly,2005-11-01,196.7,2.5015410276756143
265821,JJ8J,monthly,2005-12-01,204.8,2.7775771394140514
265881,JJ8J,monthly,2010-12-01,199.6,2.6003687713844372
265953,JJ8J,monthly,2016-12-01,211.2,2.9956797462197287
265965,JJ8J,monthly,2017-12-01,200.3,2.624223744003809
265993,JJ8J,monthly,2020-04-01,36.4,-2.9612477021603514
265994,JJ8J,monthly,2020-05-01,32.8,-3.0839304184885457
265995,JJ8J,monthly,2020-06-01,41.3,-2.7942628938247545
266003,JJ8J,monthly,2021-02-01,44.7,-2.678395883959238
266004,JJ8J,monthly,2021-03-01,35.7,-2.9851026747797227
266005,JJ8J,monthly,2021-04-01,40.3,-2.8283414261381417
266047,JJ8J,monthly,2024-10-01,198.0,2.545843119683018
206167,JJ8K,monthly,2015-12-01,159.3,2.827850597150974
206177,JJ8K,monthly,2016-10-01,159.1,2.8220803896607296
206178,JJ8K,monthly,2016-11-01,152.9,2.6432039574631583
206179,JJ8K,monthly,2016-12-01,177.9,3.3644798937436886
206190,JJ8K,monthly,2017-11-01,157.3,2.770148522248532
206191,JJ8K,monthly,2017-12-01,168.6,3.096165245447331
206203,JJ8K,monthly,2018-12-01,159.0,2.8191952859156078
206215,JJ8K,monthly,2019-12-01,171.0,3.165407735330262
206262,JJ8K,monthly,2023-11-01,181.8,3.4769989398034515
206263,JJ8K,monthly,2023-12-01,183.3,3.5202754959802833
206272,JJ8K,monthly,2024-09-01,191.7,3.762624210570541
206273,JJ8K,monthly,2024-10-01,227.6,4.798376455069383
206274,JJ8K,monthly,2024-11-01,196.6,3.9039942940815253
206275,JJ8K,monthly,2024-12-01,202.2,4.065560103808364
264847,JKO6,monthly,1998-12-01,237.0,3.079377470609541
264859,JKO6,monthly,1999-12-01,228.5,2.8400638072879376
264871,JKO6,monthly,2000-12-01,245.0,3.3046138596181094
264883,JKO6,monthly,2001-12-01,257.0,3.642468443130961
264895,JKO6,monthly,2002-12-01,268.5,3.9662457523307775
264907,JKO6,monthly,2003-12-01,259.7,3.718485724421352
264919,JKO6,monthly,2004-12-01,267.2,3.9296448391168846
264931,JKO6,monthly,2005-12-01,270.2,4.014108484995098
264943,JKO6,monthly,2006-12-01,250.3,3.453832967336286
264955,JKO6,monthly,2007-12-01,236.1,3.0540383768460773
264979,JKO6,monthly,2009-12-01,230.0,2.8822956302270444
265003,JKO6,monthly,2011-12-01,226.6,2.7865701648984027
265099,JKO6,monthly,2019-12-01,259.4,3.7100393598335306
265103,JKO6,monthly,2020-04-01,38.0,-2.5233777059785876
265104,JKO6,monthly,2020-05-01,38.3,-2.514931341390766
205001,JKO7,monthly,1992-12-01,438.4,2.70952744355373
205013,JKO7,monthly,1993-12-01,430.7,2.617511894149084
205025,JKO7,monthly,1994-12-01,433.5,2.650972093932592
205073,JKO7,monthly,1998-12-01,427.6,2.5804666729602013
205097,JKO7,monthly,2000-12-01,423.6,2.53266638755519
205109,JKO7,monthly,2001-12-01,451.4,2.8648783711200156
205121,JKO7,monthly,2002-12-01,460.9,2.9784040489569166
205133,JKO7,monthly,2003-12-01,434.9,2.6677021938243453
205145,JKO7,monthly,2004-12-01,440.2,2.731037571985985
205157,JKO7,monthly,2005-12-01,439.1,2.7178924934996074
154110,JO2G,monthly,2022-07-01,108.9,2.5155846676960048
3957,JO2G,monthly,2022-07-01,108.9,2.5155846676960048
146200,JO2I,monthly,2002-08-01,123.7,2.657306932558411
153196,JO2I,monthly,2020-04-01,48.4,-2.8777985628637848
153229,JO2I,monthly,2020-05-01,28.7,-4.325893891679419
154219,JO2I,monthly,2022-11-01,139.0,3.781969802146188
153565,JO2J,monthly,2021-03-01,132.2,2.8090141032991602
153209,JO2K,monthly,2020-04-01,15.9,-4.135705605241013
153242,JO2K,monthly,2020-05-01,15.8,-4.1422280958477655
153440,JO2K,monthly,2020-11-01,17.3,-4.044390736746484
153506,JO2K,monthly,2021-01-01,19.5,-3.900895943397939
153539,JO2K,monthly,2021-02-01,24.2,-3.594338884880593
155090,JO2K,monthly,2025-01-01,123.4,2.87597179701744
153200,JO2M,monthly,2020-04-01,19.7,-2.823606907671595
153629,JO2M,monthly,2021-05-01,111.7,2.708532812464718
153198,JO2P,monthly,2020-04-01,30.3,-2.5745472682787307
153231,JO2P,monthly,2020-05-01,31.3,-2.5149607101649414
129873,JO2P,annual,2023-01-01,120.2,2.7822843061509555
154320,JO2P,monthly,2023-02-01,119.1,2.716739092225786
154353,JO2P,monthly,2023-03-01,120.9,2.8239948968306083
154386,JO2P,monthly,2023-04-01,118.2,2.663111189923376
154452,JO2P,monthly,2023-06-01,126.1,3.1338449990223136
154485,JO2P,monthly,2023-07-01,121.1,2.8359122084533657
154518,JO2P,monthly,2023-08-01,120.3,2.788242961962334
154551,JO2P,monthly,2023-09-01,120.8,2.818036241019229
154584,JO2P,monthly,2023-10-01,121.3,2.8478295200761234
154617,JO2P,monthly,2023-11-01,125.4,3.0921344083426616
154650,JO2P,monthly,2023-12-01,119.1,2.716739092225786
129906,JO2P,annual,2024-01-01,120.8,2.818036241019229
154683,JO2P,monthly,2024-01-01,117.8,2.63927656667786
154749,JO2P,monthly,2024-03-01,116.3,2.5498967295071755
154782,JO2P,monthly,2024-04-01,118.6,2.6869458131688915
154815,JO2P,monthly,2024-05-01,132.7,3.5271162825733247
154848,JO2P,monthly,2024-06-01,123.6,2.9848786037378394
154881,JO2P,monthly,2024-07-01,122.1,2.895498766567155
154914,JO2P,monthly,2024-08-01,123.0,2.949126668869566
154947,JO2P,monthly,2024-09-01,124.7,3.0504238176630087
154980,JO2P,monthly,2024-10-01,118.2,2.663111189923376
155046,JO2P,monthly,2024-12-01,124.3,3.0265891944174923
153271,JO2Q,monthly,2020-06-01,171.4,4.656104446635575
153304,JO2Q,monthly,2020-07-01,133.0,2.533434696618
153370,JO2Q,monthly,2020-09-01,135.8,2.6882126992234485
153403,JO2Q,monthly,2020-10-01,148.4,3.384713710947965
153667,JO2Q,monthly,2021-06-01,136.5,2.72690719987481
153766,JO2Q,monthly,2021-09-01,136.5,2.72690719987481
153635,JO2R,monthly,2021-05-01,105.0,2.702421020216593
153668,JO2R,monthly,2021-06-01,109.4,2.891803287719769
153701,JO2R,monthly,2021-07-01,104.1,2.663683738227307
153734,JO2R,monthly,2021-08-01,103.3,2.629250598681275
153767,JO2R,monthly,2021-09-01,102.9,2.6120340289082598
153932,JO2R,monthly,2022-02-01,100.9,2.52595118004318
153998,JO2R,monthly,2022-04-01,102.4,2.5905133166919896
154031,JO2R,monthly,2022-05-01,102.1,2.5776008893622273
154064,JO2R,monthly,2022-06-01,103.9,2.6550754533407996
154097,JO2R,monthly,2022-07-01,106.4,2.762679014422149
154130,JO2R,monthly,2022-08-01,107.0,2.788503869081673
154196,JO2R,monthly,2022-10-01,101.1,2.5345594649296874
154229,JO2R,monthly,2022-11-01,102.5,2.5948174591352435
154295,JO2R,monthly,2023-01-01,107.6,2.8143287237411965
154988,JO2R,monthly,2024-10-01,101.0,2.5302553224864335
155021,JO2R,monthly,2024-11-01,102.6,2.599121601578497
154626,JO2S,monthly,2023-11-01,131.2,2.786009990511032
129915,JO2S,annual,2024-01-01,130.9,2.7758608473314372
154692,JO2S,monthly,2024-01-01,130.5,2.7623286564253102
154725,JO2S,monthly,2024-02-01,126.5,2.627006747364042
154758,JO2S,monthly,2024-03-01,127.0,2.6439219859967005
154791,JO2S,monthly,2024-04-01,127.0,2.6439219859967005
154824,JO2S,monthly,2024-05-01,129.5,2.728498179159993
154857,JO2S,monthly,2024-06-01,128.7,2.701433797347739
154890,JO2S,monthly,2024-07-01,133.3,2.857053992768199
154923,JO2S,monthly,2024-08-01,130.2,2.7521795132457147
154956,JO2S,monthly,2024-09-01,132.0,2.8130743723232863
154989,JO2S,monthly,2024-10-01,133.0,2.8469048495886033
155022,JO2S,monthly,2024-11-01,131.7,2.8029252291436904
155055,JO2S,monthly,2024-12-01,139.7,3.0735690472662274
153575,JO2T,monthly,2021-03-01,114.3,2.628411075056461
153905,JO2T,monthly,2022-01-01,116.4,2.7132601820738214
152885,JO2W,monthly,2019-06-01,113.5,2.815794246832545
153677,JO2W,monthly,2021-06-01,131.3,3.6871235209092927
153809,JO2W,monthly,2021-10-01,152.1,4.705306043425941
153842,JO2W,monthly,2021-11-01,112.7,2.7766333805819046
153908,JO2W,monthly,2022-01-01,111.4,2.712996972924614
153974,JO2W,monthly,2022-03-01,170.4,5.6011108589093395
154073,JO2W,monthly,2022-06-01,123.6,3.3102001832468786
154205,JO2W,monthly,2022-10-01,110.0,2.6444654569859933
154337,JO2W,monthly,2023-02-01,131.0,3.672438196065302
154766,JO2W,monthly,2024-03-01,153.6,4.778732667645891
153250,JO2X,monthly,2020-05-01,115.1,2.5292519447738857
153283,JO2X,monthly,2020-06-01,116.6,2.576322269234597
153481,JO2X,monthly,2020-12-01,114.2,2.501009750097459
153877,JO2X,monthly,2021-12-01,114.5,2.5104238149896014
153218,JO2Y,monthly,2020-04-01,44.2,-3.281241390803325
154214,JO32,monthly,2022-11-01,110.6,2.5080293201710027
129866,JO32,annual,2023-01-01,123.5,3.4065792972359157
154313,JO32,monthly,2023-02-01,117.4,2.9816835716470815
154346,JO32,monthly,2023-03-01,118.8,3.0792006234215674
154379,JO32,monthly,2023-04-01,119.6,3.1349246530069883
154412,JO32,monthly,2023-05-01,123.3,3.3926482898395602
154445,JO32,monthly,2023-06-01,124.8,3.4971308453122245
154478,JO32,monthly,2023-07-01,124.8,3.4971308453122245
154511,JO32,monthly,2023-08-01,126.9,3.6434064229739547
154544,JO32,monthly,2023-09-01,126.0,3.580716889690356
154577,JO32,monthly,2023-10-01,127.1,3.6573374303703092
154610,JO32,monthly,2023-11-01,139.4,4.514094385246157
154643,JO32,monthly,2023-12-01,124.1,3.4483723194249807
129899,JO32,annual,2024-01-01,120.5,3.197614186290587
154676,JO32,monthly,2024-01-01,125.6,3.552854874897645
154709,JO32,monthly,2024-02-01,125.0,3.51106185270858
154742,JO32,monthly,2024-03-01,121.7,3.281200230668719
154775,JO32,monthly,2024-04-01,121.5,3.2672692232723635
154808,JO32,monthly,2024-05-01,126.0,3.580716889690356
154841,JO32,monthly,2024-06-01,119.6,3.1349246530069883
154874,JO32,monthly,2024-07-01,125.4,3.538923867501291
154907,JO32,monthly,2024-08-01,119.3,3.1140281419124554
154940,JO32,monthly,2024-09-01,118.9,3.086166127119746
154973,JO32,monthly,2024-10-01,115.1,2.8214769865889955
155006,JO32,monthly,2024-11-01,116.5,2.9189940383634827
155039,JO32,monthly,2024-12-01,113.4,2.7030634237199767
155072,JO32,monthly,2025-01-01,125.0,3.51106185270858
146773,JO37,monthly,2004-01-01,181.9,2.578354458510681
146971,JO37,monthly,2004-07-01,187.4,2.821872755451455
147268,JO37,monthly,2005-04-01,182.3,2.5960648801063737
147433,JO37,monthly,2005-09-01,184.7,2.7023274096805285
147466,JO37,monthly,2005-10-01,183.3,2.6403409340956054
153208,JO37,monthly,2020-04-01,39.2,-3.739838445752678
153241,JO37,monthly,2020-05-01,41.3,-3.6468587323752915
153274,JO37,monthly,2020-06-01,54.1,-3.0801252413131266
153505,JO37,monthly,2021-01-01,54.2,-3.075697635914203
153538,JO37,monthly,2021-02-01,50.8,-3.226236219477591
153571,JO37,monthly,2021-03-01,46.3,-3.4254784624291332
153604,JO37,monthly,2021-04-01,46.8,-3.4033404354345174
153409,JO38,monthly,2020-10-01,113.1,2.5262752746779227
154927,JO38,monthly,2024-08-01,114.8,2.592168737633953
154960,JO38,monthly,2024-09-01,116.7,2.6658143727024575
154993,JO38,monthly,2024-10-01,113.3,2.5340274467903976
155026,JO38,monthly,2024-11-01,114.9,2.5960448236901903
155059,JO38,monthly,2024-12-01,116.4,2.6541861145337458
155092,JO38,monthly,2025-01-01,117.7,2.704575233264828
153210,JO3A,monthly,2020-04-01,46.9,-3.4375009011099853
153243,JO3A,monthly,2020-05-01,48.0,-3.3916723961923982
153507,JO3A,monthly,2021-01-01,61.1,-2.845896564901131
153540,JO3A,monthly,2021-02-01,48.3,-3.3791737130330564
153573,JO3A,monthly,2021-03-01,45.7,-3.4874956337473533
112744,JO5A,monthly,2020-04-01,43.1,-6.335616928003909
45665,JO5A,monthly,2020-04-01,43.1,-6.335616928003909
112777,JO5A,monthly,2020-05-01,60.0,-4.261712936057087
45675,JO5A,monthly,2020-05-01,60.0,-4.261712936057087
105725,JO5C,monthly,2002-08-01,132.0,2.844184784704724
107507,JO5C,monthly,2007-02-01,133.5,2.9587623009379813
112688,JO5C,monthly,2020-03-01,60.1,-2.64789749340941
112721,JO5C,monthly,2020-04-01,52.7,-3.2131465734934794
112754,JO5C,monthly,2020-05-01,31.8,-4.809593299676865
113084,JO5C,monthly,2021-03-01,62.0,-2.502765972847284
114173,JO5C,monthly,2023-12-01,51.8,-3.281893083233434
112734,JO5E,monthly,2020-04-01,18.1,-2.6721480512252924
112767,JO5E,monthly,2020-05-01,18.3,-2.6670592207474724
112965,JO5E,monthly,2020-11-01,24.5,-2.5093054759350446
113031,JO5E,monthly,2021-01-01,24.8,-2.501672230218314
112725,JO5G,monthly,2020-04-01,23.6,-5.183439185714029
112758,JO5G,monthly,2020-05-01,37.5,-4.070001635210602
113154,JO5G,monthly,2021-05-01,128.1,3.18736829828656
114340,JO5J,monthly,2024-05-01,126.1,2.744375776721857
89340,JO5L,annual,2021-01-01,100.3,2.565841290077952
113094,JO5L,monthly,2021-03-01,101.6,2.632974346947726
113127,JO5L,monthly,2021-04-01,102.1,2.6587947534361005
113160,JO5L,monthly,2021-05-01,108.3,2.9789677938919463
113193,JO5L,monthly,2021-06-01,110.0,3.06675717595242
113226,JO5L,monthly,2021-07-01,106.4,2.880850249236123
113259,JO5L,monthly,2021-08-01,107.0,2.9118347370221724
113292,JO5L,monthly,2021-09-01,105.0,2.8085531110686737
113325,JO5L,monthly,2021-10-01,99.6,2.5296927209942273
89373,JO5L,annual,2022-01-01,100.0,2.5503490461849276
113457,JO5L,monthly,2022-02-01,104.9,2.803389029770999
113490,JO5L,monthly,2022-03-01,103.8,2.7465841354965748
113523,JO5L,monthly,2022-04-01,103.2,2.7155996477105253
113556,JO5L,monthly,2022-05-01,103.0,2.7052714851151753
113589,JO5L,monthly,2022-06-01,102.3,2.6691229160314505
113622,JO5L,monthly,2022-07-01,107.8,2.9531473874035714
113655,JO5L,monthly,2022-08-01,104.5,2.782732704580299
113721,JO5L,monthly,2022-10-01,99.1,2.503872314505853
113754,JO5L,monthly,2022-11-01,99.7,2.5348568022919027
113820,JO5L,monthly,2023-01-01,105.8,2.849865761450073
114514,JO5M,monthly,2024-10-01,120.7,2.5060346324549094
114547,JO5M,monthly,2024-11-01,121.1,2.5211083368712046
114580,JO5M,monthly,2024-12-01,128.6,2.803740294676757
113100,JO5N,monthly,2021-03-01,132.8,3.142787820990699
113430,JO5N,monthly,2022-01-01,128.6,2.949694827388014
102609,JO5Q,monthly,1994-08-01,120.8,2.642252855517132
102640,JO5Q,monthly,1994-09-01,125.2,2.894764587597483
102671,JO5Q,monthly,1994-10-01,127.4,3.021020453637659
102702,JO5Q,monthly,1994-11-01,118.5,2.5102580864751305
112311,JO5Q,monthly,2019-03-01,119.4,2.561908213491566
112410,JO5Q,monthly,2019-06-01,127.2,3.0095426476340066
112542,JO5Q,monthly,2019-10-01,119.7,2.5791249224970443
112740,JO5Q,monthly,2020-04-01,29.9,-2.574409973142847
113070,JO5Q,monthly,2021-02-01,26.2,-2.7867493842104145
113202,JO5Q,monthly,2021-06-01,145.4,4.054022993966368
113334,JO5Q,monthly,2021-10-01,161.7,4.9894641832640305
113499,JO5Q,monthly,2022-03-01,171.0,5.523182162433864
113598,JO5Q,monthly,2022-06-01,123.0,2.7685087215573074
113862,JO5Q,monthly,2023-02-01,121.4,2.676686273528089
114291,JO5Q,monthly,2024-03-01,148.7,4.2434067930266295
112775,JO5R,monthly,2020-05-01,134.8,2.953655588058972
112808,JO5R,monthly,2020-06-01,135.0,2.959824983338283
112841,JO5R,monthly,2020-07-01,129.3,2.7839972178779124
112874,JO5R,monthly,2020-08-01,123.4,2.6020000571382305
112907,JO5R,monthly,2020-09-01,121.6,2.5464754996244285
112940,JO5R,monthly,2020-10-01,129.4,2.787081915517568
112973,JO5R,monthly,2020-11-01,130.7,2.8271829848330907
113006,JO5R,monthly,2020-12-01,130.3,2.814844194274469
113039,JO5R,monthly,2021-01-01,129.4,2.787081915517568
113072,JO5R,monthly,2021-02-01,127.6,2.731557358003766
113105,JO5R,monthly,2021-03-01,125.0,2.65135521937272
113138,JO5R,monthly,2021-04-01,125.3,2.660609312291687
113402,JO5R,monthly,2021-12-01,122.1,2.561898987822707
89441,JO5Z,annual,2024-01-01,143.1,2.694087203913304
114251,JO5Z,monthly,2024-02-01,137.4,2.506366933252902
114350,JO5Z,monthly,2024-05-01,147.2,2.8291140652655233
114383,JO5Z,monthly,2024-06-01,137.3,2.5030735951711405
114416,JO5Z,monthly,2024-07-01,142.1,2.6611538230956895
114482,JO5Z,monthly,2024-09-01,168.8,3.540475090925997
114515,JO5Z,monthly,2024-10-01,157.2,3.1584478734416686
114548,JO5Z,monthly,2024-11-01,156.1,3.122221154542293
114614,JO5Z,monthly,2025-01-01,148.3,2.8653407841649003
112934,JO62,monthly,2020-10-01,122.6,2.577892941519619
202836,JOE9,monthly,1997-12-01,638.0,2.577394882681374
202848,JOE9,monthly,1998-12-01,674.2,2.829229921485695
202860,JOE9,monthly,1999-12-01,738.1,3.2737674623585153
202872,JOE9,monthly,2000-12-01,836.3,3.9569221808829425
202884,JOE9,monthly,2001-12-01,1057.2,5.49367245911152
202895,JOE9,monthly,2002-11-01,630.2,2.523132084264974
202896,JOE9,monthly,2002-12-01,967.3,4.868258923517363
202908,JOE9,monthly,2003-12-01,946.3,4.722166773934746
202920,JOE9,monthly,2004-12-01,820.0,3.8435268457307212
202932,JOE9,monthly,2005-12-01,727.6,3.200721387567207
202944,JOE9,monthly,2006-12-01,772.2,3.5109932862045747
202956,JOE9,monthly,2007-12-01,700.9,3.0149756545264506
202968,JOE9,monthly,2008-12-01,772.9,3.515863024523995
202980,JOE9,monthly,2009-12-01,680.6,2.8737532432632547
262610,JOF2,monthly,1997-12-01,471.7,2.6858782033456317
262622,JOF2,monthly,1998-12-01,499.4,2.97046381293219
262634,JOF2,monthly,1999-12-01,499.4,2.97046381293219
262646,JOF2,monthly,2000-12-01,547.4,3.4636085515659385
262658,JOF2,monthly,2001-12-01,617.3,4.181750577201334
262670,JOF2,monthly,2002-12-01,608.9,4.095450247940429
262682,JOF2,monthly,2003-12-01,602.5,4.029697616122595
262694,JOF2,monthly,2004-12-01,577.1,3.7687418585955705
262706,JOF2,monthly,2005-12-01,584.1,3.8406587996463255
262718,JOF2,monthly,2006-12-01,587.0,3.870452960938781
262730,JOF2,monthly,2007-12-01,581.2,3.8108646383538702
262742,JOF2,monthly,2008-12-01,623.0,4.240311514914092
262754,JOF2,monthly,2009-12-01,556.8,3.5601827295483806
262766,JOF2,monthly,2010-12-01,541.1,3.3988833046202593
262778,JOF2,monthly,2011-12-01,461.3,2.579030176641653
